,average,std,ste
0,0.111206394449,0.221336250465,0.0404102857244
1,0.285214925323,0.216785217421,0.0395793845717
2,0.379256537599,0.176943067349,0.0323052364605
